Workbook

Sheet アイスクリームの売り上げデータ
A1: 表1
B2: 曜日 1:日 2:月 3:火 4:水 5:木 6:金 7:土 | C2: 平均気温(℃) | D2: 最高気温(℃) | E2: 最低気温(℃) | F2: 降水量の合計(mm) | G2: 売上個数
A3: 43466 | B3: =WEEKDAY($A3) -> 3 | C3: 5.3 | D3: 10.7 | E3: 0.9 | F3: 0 | G3: 101
A4: 43467 | B4: =WEEKDAY($A4) -> 4 | C4: 6.2 | D4: 10.9 | E4: 2.2 | F4: 0 | G4: 119
A5: 43468 | B5: =WEEKDAY($A5) -> 5 | C5: 4.9 | D5: 10.9 | E5: -0.3 | F5: 0 | G5: 98
A6: 43469 | B6: =WEEKDAY($A6) -> 6 | C6: 5.1 | D6: 9.8 | E6: 0.2 | F6: 0 | G6: 106
A7: 43470 | B7: =WEEKDAY($A7) -> 7 | C7: 7.4 | D7: 14 | E7: 0.9 | F7: 0 | G7: 174
A8: 43471 | B8: =WEEKDAY($A8) -> 1 | C8: 5.3 | D8: 8 | E8: 2.4 | F8: 0 | G8: 206
A9: 43472 | B9: =WEEKDAY($A9) -> 2 | C9: 5.4 | D9: 10.6 | E9: 0.4 | F9: 0 | G9: 90
A10: 43473 | B10: =WEEKDAY($A10) -> 3 | C10: 4.6 | D10: 9.8 | E10: 0.7 | F10: 0 | G10: 110
A11: 43474 | B11: =WEEKDAY($A11) -> 4 | C11: 4.5 | D11: 8 | E11: 1 | F11: 0 | G11: 117
A12: 43475 | B12: =WEEKDAY($A12) -> 5 | C12: 2 | D12: 5.2 | E12: -1.2 | F12: 0 | G12: 104
A13: 43476 | B13: =WEEKDAY($A13) -> 6 | C13: 6.4 | D13: 12.2 | E13: -0.2 | F13: 0 | G13: 117
A14: 43477 | B14: =WEEKDAY($A14) -> 7 | C14: 4.6 | D14: 6.2 | E14: 2.7 | F14: 0 | G14: 161
... A367: 43830 | B367: =WEEKDAY($A367) -> 3 | C367: 8.2 | D367: 16.5 | E367: 3.7 | F367: 0 | G367: 117

Sheet 曜日毎データ
B2: 曜日 | C2: 合計売上個数
B3: 日曜日
B4: 月曜日
B5: 火曜日
B6: 水曜日
B7: 木曜日
B8: 金曜日
B9: 土曜日
B11: 日曜日 | C11: 月曜日 | D11: 火曜日 | E11: 水曜日 | F11: 木曜日 | G11: 金曜日 | H11: 土曜日
B66: 日曜日 | C66: 月曜日 | D66: 火曜日 | E66: 水曜日 | F66: 木曜日 | G66: 金曜日 | H66: 土曜日
A67: 個数
A68: 平均値
A69: 最小値
A70: 中央値
A71: 最大値
B73: 日曜日 | C73: 月曜日 | D73: 火曜日 | E73: 水曜日 | F73: 木曜日 | G73: 金曜日 | H73: 土曜日
A74: 第0四分位数
A75: 第一四分位数
A76: 第二四分位数
A77: 第三四分位数
A78: 第四四分位数
A79: 四分位範囲
A80: 四分位偏差
A81: 四分位偏差法・LCL（下限管理限界）
A82: 四分位偏差法・UCL（上限管理限界）
B84: 日曜日 | C84: 月曜日 | D84: 火曜日 | E84: 水曜日 | F84: 木曜日 | G84: 金曜日 | H84: 土曜日
A85: 分散
A86: 標準偏差
A87: ３シグマ法・LCL（下限管理限界）
A88: ３シグマ法・UCL（上限管理限界）
A91: 外れ値の排除
B92: 日曜日 | C92: 月曜日 | D92: 火曜日 | E92: 水曜日 | F92: 木曜日 | G92: 金曜日 | H92: 土曜日
B147: 日曜日 | C147: 月曜日 | D147: 火曜日 | E147: 水曜日 | F147: 木曜日 | G147: 金曜日 | H147: 土曜日
A148: 全体の分散
A149: 外れ値を排除した分散

Sheet 平均気温と売上の関係
C2: 平均気温(℃) | D2: 売上個数
B3: =アイスクリームの売り上げデータ!A3 -> 43466
B4: =アイスクリームの売り上げデータ!A4 -> 43467 | F4: 相関係数
B5: =アイスクリームの売り上げデータ!A5 -> 43468
B6: =アイスクリームの売り上げデータ!A6 -> 43469
B7: =アイスクリームの売り上げデータ!A7 -> 43470
B8: =アイスクリームの売り上げデータ!A8 -> 43471
B9: =アイスクリームの売り上げデータ!A9 -> 43472
B10: =アイスクリームの売り上げデータ!A10 -> 43473
B11: =アイスクリームの売り上げデータ!A11 -> 43474
B12: =アイスクリームの売り上げデータ!A12 -> 43475
B13: =アイスクリームの売り上げデータ!A13 -> 43476
B14: =アイスクリームの売り上げデータ!A14 -> 43477
B15: =アイスクリームの売り上げデータ!A15 -> 43478
B16: =アイスクリームの売り上げデータ!A16 -> 43479
... B367: =アイスクリームの売り上げデータ!A367 -> 43830

Sheet 平均気温と降水量の関係
C2: 降水量 | D2: 売上個数
B3: =アイスクリームの売り上げデータ!A3 -> 43466
B4: =アイスクリームの売り上げデータ!A4 -> 43467 | F4: 相関係数
B5: =アイスクリームの売り上げデータ!A5 -> 43468
B6: =アイスクリームの売り上げデータ!A6 -> 43469
B7: =アイスクリームの売り上げデータ!A7 -> 43470
B8: =アイスクリームの売り上げデータ!A8 -> 43471
B9: =アイスクリームの売り上げデータ!A9 -> 43472
B10: =アイスクリームの売り上げデータ!A10 -> 43473
B11: =アイスクリームの売り上げデータ!A11 -> 43474
B12: =アイスクリームの売り上げデータ!A12 -> 43475
B13: =アイスクリームの売り上げデータ!A13 -> 43476
B14: =アイスクリームの売り上げデータ!A14 -> 43477
B15: =アイスクリームの売り上げデータ!A15 -> 43478
B16: =アイスクリームの売り上げデータ!A16 -> 43479
... B367: =アイスクリームの売り上げデータ!A367 -> 43830

Sheet 相関係数
I2: 日 | J2: 曜日 | K2: 土日フラグ
B3: 曜日 | C3: 平均気温(℃) | D3: 最高気温(℃) | E3: 最低気温(℃) | F3: 降水量の合計(mm) | G3: 売上個数 | I3: =アイスクリームの売り上げデータ!A3 -> 43466
A4: 曜日 | I4: =アイスクリームの売り上げデータ!A4 -> 43467
A5: 平均気温(℃) | I5: =アイスクリームの売り上げデータ!A5 -> 43468
A6: 最高気温(℃) | I6: =アイスクリームの売り上げデータ!A6 -> 43469
A7: 最低気温(℃) | I7: =アイスクリームの売り上げデータ!A7 -> 43470
A8: 降水量の合計(mm) | I8: =アイスクリームの売り上げデータ!A8 -> 43471
A9: 売上個数 | I9: =アイスクリームの売り上げデータ!A9 -> 43472
I10: =アイスクリームの売り上げデータ!A10 -> 43473
A11: 土日と売上の相関係数 | I11: =アイスクリームの売り上げデータ!A11 -> 43474
I12: =アイスクリームの売り上げデータ!A12 -> 43475
I13: =アイスクリームの売り上げデータ!A13 -> 43476
I14: =アイスクリームの売り上げデータ!A14 -> 43477
I15: =アイスクリームの売り上げデータ!A15 -> 43478
I16: =アイスクリームの売り上げデータ!A16 -> 43479
I17: =アイスクリームの売り上げデータ!A17 -> 43480
I18: =アイスクリームの売り上げデータ!A18 -> 43481
I19: =アイスクリームの売り上げデータ!A19 -> 43482
I20: =アイスクリームの売り上げデータ!A20 -> 43483
I21: =アイスクリームの売り上げデータ!A21 -> 43484
I22: =アイスクリームの売り上げデータ!A22 -> 43485
I23: =アイスクリームの売り上げデータ!A23 -> 43486
... I367: =アイスクリームの売り上げデータ!A367 -> 43830

Sheet 気温による線形回帰
C2: 平均気温(℃) | D2: 売上個数 | F2: 気温 | G2: 予測数
B3: =アイスクリームの売り上げデータ!A3 -> 43466 | F3: 0
B4: =アイスクリームの売り上げデータ!A4 -> 43467 | F4: 1 | J4: 相関係数
B5: =アイスクリームの売り上げデータ!A5 -> 43468 | F5: 2 | J5: 傾き
B6: =アイスクリームの売り上げデータ!A6 -> 43469 | F6: 3 | J6: 切片
B7: =アイスクリームの売り上げデータ!A7 -> 43470 | F7: 4
B8: =アイスクリームの売り上げデータ!A8 -> 43471 | F8: 5
B9: =アイスクリームの売り上げデータ!A9 -> 43472 | F9: 6
B10: =アイスクリームの売り上げデータ!A10 -> 43473 | F10: 7
B11: =アイスクリームの売り上げデータ!A11 -> 43474 | F11: 8
B12: =アイスクリームの売り上げデータ!A12 -> 43475 | F12: 9
B13: =アイスクリームの売り上げデータ!A13 -> 43476 | F13: 10
B14: =アイスクリームの売り上げデータ!A14 -> 43477 | F14: 11
B15: =アイスクリームの売り上げデータ!A15 -> 43478 | F15: 12
B16: =アイスクリームの売り上げデータ!A16 -> 43479 | F16: 13
B17: =アイスクリームの売り上げデータ!A17 -> 43480 | F17: 14
B18: =アイスクリームの売り上げデータ!A18 -> 43481 | F18: 15
... B48: =アイスクリームの売り上げデータ!A48 -> 43511 | F48: 45
B49: =アイスクリームの売り上げデータ!A49 -> 43512
B50: =アイスクリームの売り上げデータ!A50 -> 43513
B51: =アイスクリームの売り上げデータ!A51 -> 43514
B52: =アイスクリームの売り上げデータ!A52 -> 43515
B53: =アイスクリームの売り上げデータ!A53 -> 43516
B54: =アイスクリームの売り上げデータ!A54 -> 43517
B55: =アイスクリームの売り上げデータ!A55 -> 43518
B56: =アイスクリームの売り上げデータ!A56 -> 43519
B57: =アイスクリームの売り上げデータ!A57 -> 43520
B58: =アイスクリームの売り上げデータ!A58 -> 43521
B59: =アイスクリームの売り上げデータ!A59 -> 43522
B60: =アイスクリームの売り上げデータ!A60 -> 43523
... B367: =アイスクリームの売り上げデータ!A367 -> 43830

Sheet 重回帰分析
C2: 土日 | D2: 平均気温(℃) | E2: 最高気温(℃) | F2: 最低気温(℃) | G2: 降水量の合計(mm) | H2: 売上個数 | I2: 重回帰予測 | J2: 誤差
B3: 43466
B4: 43467 | L4: 平均予測誤差
B5: 43468
B6: 43469
B7: 43470
B8: 43471
B9: 43472
B10: 43473
B11: 43474
B12: 43475
B13: 43476
B14: 43477
B15: 43478
B16: 43479
... B367: 43830
